{"cameraMode":{"drawMode":0,"name":"Shaded","section":"Shading Mode"},"sceneLighting":false,"audioPlay":false,"sceneViewState":{"m_AlwaysRefresh":false,"showFog":true,"showSkybox":false,"showFlares":true,"showImageEffects":true,"showParticleSystems":true,"showVisualEffectGraphs":true,"m_FxEnabled":true},"in2DMode":false,"pivot":{"x":-0.0049216486513614658,"y":0.48129650950431826,"z":0.02165350317955017},"rotation":{"x":-0.28188198804855349,"y":0.03109106607735157,"z":-0.009115776047110558,"w":-0.9589368104934692},"size":0.5449489951133728,"orthographic":false}