{"cameraMode":{"drawMode":0,"name":"Shaded","section":"Shading Mode"},"sceneLighting":true,"audioPlay":false,"sceneViewState":{"m_AlwaysRefresh":false,"showFog":true,"showSkybox":true,"showFlares":true,"showImageEffects":true,"showParticleSystems":true,"showVisualEffectGraphs":true,"m_FxEnabled":true},"in2DMode":false,"pivot":{"x":3.078378915786743,"y":2.0810911655426027,"z":7.728287696838379},"rotation":{"x":-0.17603370547294618,"y":0.061078865081071857,"z":-0.01094586681574583,"w":-0.9824333190917969},"size":7.689637184143066,"orthographic":true}