{"cameraMode":{"drawMode":0,"name":"Shaded","section":"Shading Mode"},"sceneLighting":true,"audioPlay":false,"sceneViewState":{"m_AlwaysRefresh":false,"showFog":true,"showSkybox":true,"showFlares":true,"showImageEffects":true,"showParticleSystems":true,"showVisualEffectGraphs":true,"m_FxEnabled":true},"in2DMode":false,"pivot":{"x":-14.531351089477539,"y":-22.340017318725587,"z":-20.047561645507814},"rotation":{"x":0.1184268519282341,"y":-0.878693163394928,"z":0.28661710023880007,"w":0.36302751302719118},"size":20.523223876953126,"orthographic":false}