{"cameraMode":{"drawMode":0,"name":"Shaded","section":"Shading Mode"},"sceneLighting":false,"audioPlay":false,"sceneViewState":{"m_AlwaysRefresh":false,"showFog":true,"showSkybox":false,"showFlares":true,"showImageEffects":true,"showParticleSystems":true,"showVisualEffectGraphs":true,"m_FxEnabled":true},"in2DMode":false,"pivot":{"x":-0.31632211804389956,"y":0.26766616106033327,"z":0.21286329627037049},"rotation":{"x":0.117601677775383,"y":0.8525404930114746,"z":-0.2176181972026825,"w":0.46089813113212588},"size":0.9073633551597595,"orthographic":true}