{"cameraMode":{"drawMode":0,"name":"Shaded","section":"Shading Mode"},"sceneLighting":false,"audioPlay":false,"sceneViewState":{"m_AlwaysRefresh":false,"showFog":true,"showSkybox":false,"showFlares":true,"showImageEffects":true,"showParticleSystems":true,"showVisualEffectGraphs":true,"m_FxEnabled":true},"in2DMode":false,"pivot":{"x":8.352858543395996,"y":4.909921646118164,"z":4.0624003410339359},"rotation":{"x":-0.060535505414009097,"y":0.9354532361030579,"z":-0.19734574854373933,"w":-0.2872087061405182},"size":0.7708689570426941,"orthographic":true}