{"cameraMode":{"drawMode":0,"name":"Shaded","section":"Shading Mode"},"sceneLighting":false,"audioPlay":false,"sceneViewState":{"m_AlwaysRefresh":false,"showFog":true,"showSkybox":false,"showFlares":true,"showImageEffects":true,"showParticleSystems":true,"showVisualEffectGraphs":true,"m_FxEnabled":true},"in2DMode":false,"pivot":{"x":1.1032323837280274,"y":1.1947823762893677,"z":6.390602111816406},"rotation":{"x":-0.009293354116380215,"y":0.7399631142616272,"z":-0.010214508511126042,"w":-0.6725370287895203},"size":6.164951324462891,"orthographic":false}